full_name,rank
verekia/js-stack-from-scratch,2.0
zeit/next.js,5.0
ruanyf/jstraining,6.0
samyk/poisontap,19.0
sveltejs/svelte,20.0
FormidableLabs/nodejs-dashboard,26.0
googlesamples/md2googleslides,27.0
gchq/CyberChef,29.0
th0r/webpack-bundle-analyzer,30.0
devongovett/regexgen,38.0
nuxt/nuxt.js,39.0
turbo/js,43.0
lukehaas/RegexHub,44.0
pubkey/rxdb,50.0
MicheleBertoli/react-fix-it,53.0
material-components/material-components-web,54.0
siddharthkp/cost-of-modules,63.0
wellsjo/JSON-Splora,74.0
dollarshaveclub/shave,75.0
ForestAdmin/lumber,77.0
mathisonian/premonish,87.0
cramforce/splittable,101.0
web-pal/DBGlass,104.0
hkirat/notification-logger,105.0
jakebian/quiver,106.0
zeit/styled-jsx,108.0
QingWei-Li/docsify,109.0
facebooknuclide/atom-in-orbit,110.0
720kb/ndm,121.0
guerrerocarlos/CacheP2P,122.0
dmotz/thing-translator,124.0
andywer/leakage,130.5
weui/weui-wxss,133.0
jmurzy/react-native-foldview,141.0
chvin/react-tetris,151.5
chemzqm/wept,157.0
samgozman/YoptaScript,159.0
dreamapplehappy/effective-javascript,177.0
kingdido999/zooming,199.0
ggomaeng/react-native-card-modal,202.5
threepointone/markdown-in-js,205.5
appbaseio/gem,214.5
kubek2k/lambdoku,217.0
lipeiwei-szu/ReactNativeOne,230.5
tannerlinsley/react-form,236.5
mmckegg/ferment,236.5
kiqs/chartify,241.0
monterail/vuelidate,244.0
sylvainpolletvillard/postcss-grid-kiss,245.0
lzxb/vue2-demo,247.0
JSBros/hedron,252.0
diegohaz/arc,255.5
fuse-box/fuse-box,257.0
lelandrichardson/redux-pack,258.0
goessner/mdmath,266.5
screeps/screeps,268.0
ggomaeng/react-native-facebook-ui,277.0
nikgraf/webvr-experiments,278.0
jxnblk/repng,289.5
feross/electron-workshop,295.5
PabloSichert/concurrency-logger,324.0
nolanlawson/marky,326.0
jstimpfle/tetris-on-a-plane,337.5
huangyaoxin/hAdmin,339.5
mariusandra/pigeon-maps,347.0
i-break-codes/scrum-board,350.0
icindy/wxParse,361.0
caroso1222/amazon-autocomplete,365.5
ben-eb/postcss-resemble-image,390.0
hharnisc/tabbie,394.5
sindu12jun/table-dragger,397.0
bailicangdu/react-pxq,397.0
sqreen/CTOSecurityChecklist,399.0
weui/weui.js,402.0
pcbje/ggraph,405.5
vue-play/vue-play,409.5
wangdicoder/react-native-Gank,411.5
zeit/nextgram,426.0
tholman/ascii-morph,429.5
gajus/babel-plugin-react-css-modules,429.5
wangdicoder/JueJinClient,432.0
egoist/docute,432.0
FGRibreau/gron,444.5
runkitdev/demokit,462.0
RebeccaHanjw/weapp-wechat-zhihu,464.5
2muchcoffeecom/ng2-restangular,470.5
schmooblidon/meleelight,472.0
ondras/primitive.js,479.0
bs-detector/bs-detector,496.0
4Catalyzer/css-literal-loader,500.5
ageitgey/show-facebook-computer-vision-tags,510.5
zzarcon/chaosocket,510.5
googlecreativelab/aiexperiments-giorgio-cam,512.5
CERT-BDF/TheHive,517.0
jeffjose/tget,527.5
oopsguy/WechatSmallApps,534.5
qieguo2016/Vueuv,539.0
wepyjs/wepy,551.0
JuneDomingo/movieapp,554.5
jaridmargolin/inspect-process,594.0
stml/welcomejs,614.0
thanhtungdp/react-native-login-animated,617.0
googlecreativelab/aiexperiments-drum-machine,623.0
airbnb/babel-plugin-dynamic-import-webpack,626.0
chrisallenlane/novahot,626.0
mikeal/dropub,631.5
pagarme/react-event-components,636.5
Syncano/syncano-dashboard,644.0
spacelan/wechat-emoticon,658.0
Microsoft/BikeSharing360_MobileApps,658.0
RedMail/RedMail,658.0
XhstormR/BaiduNetdisk-WAP,662.5
bvaughn/react-presents,669.0
imgntn/j360,676.5
TooBug/TooNote,690.0
benfred/fmin,703.5
rusher81572/picluster,710.5
catalinmiron/mobile-shopping-react-native,710.5
team-emt/razorframe,715.5
sindresorhus/clipboardy,715.5
etiennepinchon/magixjs,721.5
sanchitgn/remember,721.5
anvaka/git-also,725.0
gloriajs/gloria,728.0
scriptify/Recordy,734.5
declandewet/vue-meta,744.5
ysrc/GourdScanV2,755.5
douban/rexxar-web,762.0
awslabs/lambda-refarch-mapreduce,762.0
jbogard/ContosoUniversityCore,762.0
yanbober/RNPolymerPo,767.5
tannerlinsley/react-table,773.0
ggomaeng/react-native-spotify-ui,781.0
desklamp-js/desklamp,806.0
mdehoog/Semantic-UI-Calendar,813.5
zhufengketang/app,817.0
mhaagens/react-mobx-react-router4-boilerplate,817.0
liumingmusic/react-native_toiletApp,821.5
diracdeltas/niceware,821.5
hanan198501/vue-spa-template,834.0
rwjblue/ember-lifeline,834.0
nolimits4web/Framework7-Vue,840.5
huang303513/Weather_Vue,848.0
lourenc/tinytyper,848.0
ChangQing666/wechat-weapp-taobao,848.0
ivantsov/redux-subscriber,854.5
modood/Administrative-divisions-of-China,865.5
developit/asyncro,874.5
ipselon/react-boilerplate-clone,874.5
SKAhack/open-sketch,890.5
sgsoft-studio/webed,890.5
ibmtjbot/tjbot,890.5
knitjs/knit,890.5
alanwangmodify/weChatApp-Run,897.5
metafizzy/huebee,905.5
weslleyaraujo/react-simon-says,905.5
bgryszko/react-native-circular-slider,905.5
phenax/plasmajs,914.5
codrops/MusicalInteractions,914.5
prayerslayer/js.spec,914.5
sonnylazuardi/react-native-nike-running,921.0
elsehow/signal-protocol,933.0
davedavehong/fenda-mock,933.0
izelnakri/express-routemap,939.5
michael-yin/scrapy_guru,939.5
ncase/wbwwb,946.0
addyosmani/preact-hn,959.0
latel/logline,966.5
clari/react-tween,966.5
infosec-au/little-doctor,976.0
Seedstars/reactnative-mobile-app-base,976.0
liujians/vue-adminLte-vue-router,976.0
erikras/styled-components-theme,986.0
mstijak/tdo,986.0
OYsun/vscode-VueHelper,986.0
sonnylazuardi/awponent,986.0
googlecreativelab/aiexperiments-bird-sounds,993.5
guerrerocarlos/WikipediaP2P,999.5
liujians/Wa-UI,999.5
serverless/examples,999.5
andreapaiola/F-D-,1012.5
Swizec/react-fractals,1012.5
FGRibreau/jq.node,1016.0
cult-of-coders/redis-oplog,1022.0
ratiw/vuetable-2,1022.0
giuseppeg/ffocus,1022.0
jeffbski/pkglink,1022.0
almonk/shrink2,1029.0
gajus/babel-plugin-log-deprecated,1029.0
andreleon/critical-style-snapshot,1034.5
ruanyf/loppo,1034.5
OlegIlyenko/graphiql-workspace,1050.5
ElemeFE/bowl,1050.5
jxnblk/ejsx,1050.5
ymgd/weixinopen,1050.5
noam3127/github-code-folding,1050.5
grvcoelho/react-voice-components,1050.5
ggomaeng/react-native-magazine-listview,1058.5
kickstarter/android-oss,21.0
Tencent/MSEC,36.0
wonderkiln/blurkit-android,51.0
florent37/DiagonalLayout,55.0
google/wycheproof,56.0
Piasy/BigImageViewer,60.0
material-components/material-components-android,61.0
githubwing/ZoomHeader,64.0
codeestX/ENViews,71.0
amitshekhariitbhu/Android-Debug-Database,80.0
ImmortalZ/TransitionHelper,85.0
erttyy8821/MyDiary,86.0
Kelin-Hong/ScrollablePanel,89.0
UFreedom/FloatingView,91.5
ssseasonnn/RxDownload,95.0
facebookincubator/TextLayoutBuilder,97.0
lygttpod/SuperTextView,98.0
nickbutcher/AnimatorDurationTile,103.0
mancj/SlideUp-Android,111.0
Yalantis/ToDoList,112.0
developer-shivam/Crescento,115.5
CarGuo/GSYVideoPlayer,115.5
a-voyager/BluetoothHelper,123.0
philliphsu/BottomSheetPickers,126.5
race604/WaveLoading,130.5
thelong1EU/SpaceTabLayout,130.5
JZ-Darkal/AndroidHttpCapture,134.0
Hitomis/ActivitySwitcher,136.0
thunderrise/android-TNRAnimationHelper,137.0
HuTianQi/QQ,138.0
florent37/ArcLayout,144.5
matrixxun/MaterialBadgeTextView,147.0
JoaquimLey/faboptions,148.0
Freelander/Elephant,149.0
hypertrack/smart-scheduler-android,151.5
a371166028/likequanmintv,154.0
gjiazhe/PanoramaImageView,155.0
shaohui10086/AdvancedLuban,162.0
ToDou/appbarlayout-spring-behavior,166.0
brianway/webporter,174.0
shaohui10086/BottomDialog,179.0
DreaminginCodeZH/MaterialRatingBar,183.0
mcxtzhang/ZLayoutManager,185.0
shaohui10086/ShareUtil,186.0
limedroid/XDroid,191.5
czy1121/update,196.0
garretyoder/Colorful,200.0
niniloveyou/StateButton,205.5
SilenceDut/KnowWeather,207.0
fishwjy/MultiType-FilePicker,208.0
dudu90/FreshDownloadView,210.0
jiangzehui/xmpp,211.0
githubwing/ByeBurger,213.0
linglongxin24/DylanStepCount,219.5
vikramkakkar/ImageTransition,222.5
Ajian-studio/GADownloading,224.5
forezp/banya,227.0
VictorAlbertos/BreadcrumbsView,232.0
gongwen/MarqueeViewLibrary,235.0
bufferapp/BufferTextInputLayout,238.0
IntruderShanky/Squint,239.0
woxingxiao/BubbleSeekBar,242.0
android-notes/SwissArmyKnife,247.0
hejunlin2013/DragVideo,247.0
ByoxCode/DrawView,250.0
republique-et-canton-de-geneve/chvote-1-0,251.0
lawloretienne/TinderStack,253.0
githubwing/DragPhotoView,255.5
douban/rexxar-android,259.0
Chen-Sir/ExpandableTextView,272.0
suzeyu1992/repo,276.0
jineshfrancs/CaptchaImageView,281.0
Luolc/EmojiRain,285.5
hejunlin2013/TVSample,285.5
kayan1990/ShareButton,289.5
hpdx/DanmukuLight,292.5
githubwing/WingUE,292.5
zagum/Android-ExpandIcon,297.5
weavey/LoadingLayoutDemo,300.0
zhengken/LyricViewDemo,301.0
barryhappy/TContributionsView,302.5
DmitriyZaitsev/RadarChartView,306.0
devsideal/SquareMenu,307.0
daniel-stoneuk/material-about-library,308.0
jaychang0917/SimpleText,309.5
Netflix/conductor,311.0
xinghongfei/Hello-RxJava,314.0
square/gifencoder,315.0
irfaan008/OnePageSigninSignup,318.0
uncleleonfan/FanChat,319.5
KingsMentor/MobileVisionBarcodeScanner,319.5
MartinRGB/RapidInterpolator,321.0
gjiazhe/ScrollParallaxImageView,326.0
hejunlin2013/LivePlayback,332.0
peng8350/JPTabBar,345.0
julian-klode/dns66,355.0
wangshaolei/UnderLineLinkTextView,357.0
NodensN/MediaPickerInstagram,359.0
HuanHaiLiuXin/SnackbarUtils,361.0
githubwing/ThreeDLayout,364.0
json-iterator/java,365.5
czy1121/badgebutton,368.0
baidao/tinker-manager,368.0
jrummyapps/html-builder,368.0
SwiftyWang/FingerColoring-Android,370.5
yingLanNull/AlphaTabsIndicator,372.0
JakeWharton/RxWindowIfChanged,373.5
proninyaroslav/libretorrent,392.5
andyxialm/TyperEditText,397.0
bingoogolapple/BGASwipeBackLayout-Android,400.0
memfis19/Cadar,407.0
Bakumon/NumberAnimTextView,417.0
vipshop/Saturn,418.5
mayubao/KuaiChuan,418.5
czy1121/settingscompat,423.0
yuweiguocn/SquareLoading,426.0
ronaldsmartin/Material-ViewPagerIndicator,426.0
Netflix/hollow,435.0
SuperMan42/MVP,437.0
rubensousa/RaiflatButton,439.5
mcxtzhang/SwipeCaptcha,439.5
developer-shivam/Diagonalify,439.5
yingLanNull/CircleAlarmTimerView,447.0
pcevikogullari/AndroidShortcuts,447.0
IntruderShanky/Frisson,450.5
Freshman111/VerificationCodeView,452.0
SmartisanTech/packages_apps_OneStep,453.0
smart-fun/SmartFonts,456.5
alexjlockwood/adp-delightful-details,458.5
gjiazhe/MultiChoicesCircleButton,460.5
vivian8725118/ZXingGenerator,475.0
vaigunth/card-printer,479.0
yanzhenjie/album,479.0
thingsboard/thingsboard,484.0
diamondlin2016/LauncherView,486.0
jrvansuita/GaussianBlur,486.0
ladingwu/ApplicationDemo,492.0
codbking/CalendarExaple,492.0
czy1121/noticeview,496.0
androidessence/PinchZoomTextView,498.5
yakivmospan/scytale,503.0
Yellow5A5/ClearScreenHelper,512.5
FJ917/FJEditTextCount,517.0
wangshaolei/AutoFillEmailEditText,517.0
dianping/pigeon,521.5
jparkie/PDD,525.0
guolindev/booksource,525.0
Jasonette/JASONETTE-Android,531.5
limedroid/XRichText,531.5
czy1121/roundbutton,539.0
armcha/Vertical-Intro,551.0
xenione/tab-digit,559.5
czy1121/loadinglayout,559.5
HalfStackDeveloper/SwipeCardRecyclerView,564.5
zhihu/mirror,568.5
closedevice/FastApp,572.5
wuapnjie/SuspensionBar,578.5
VictorAlbertos/SwipeCoordinator,578.5
zhonghanwen/ColorTextView,578.5
zhangyuChen1991/OverWatchLoading,586.0
CGmaybe10/FocusSurfaceView,586.0
huage2580/ZuiMeiTAG,586.0
ittianyu/MobileGuard,591.0
maoruibin/ReView,597.5
yegor256/eo,602.5
codemybrainsout/smart-app-rate,608.0
apache/incubator-rocketmq,608.0
lawloretienne/MovieHub,611.5
Stuie/papercut,617.0
githubwing/ExpandableViewpager,626.0
LuoboDcom/ZZShow,629.0
liuguangqiang/RippleLayout,631.5
Karumi/KataScreenshotAndroid,640.5
AmniX/AdBlockedWebView-Android,640.5
Assassinss/Interessant,646.5
gavinliu/SimpleOneStep,650.0
RiccardoMoro/LongPressPopup,670.0
Hitomis/CrazyShadow,672.5
yanbober/AvatarLabelView,672.5
florent37/SingleDateAndTimePicker,676.5
limedroid/XDroidMvp,679.5
munix/LogcatTextView,682.5
RameshBhupathi/CollapsingToolbar-With-Webview,693.0
DaylightingSociety/WhereAreTheEyes,695.5
google/conscrypt,698.5
mcxtzhang/all-base-adapter,698.5
gavinliu/NotificationBox,703.5
songixan/SmileRefresh,703.5
lopei/collageview,710.5
CarGuo/RecordWave,710.5
Sloy/preferator,721.5
zuoweitan/CircleImageView,728.0
aykuttasil/CallRecorder,731.5
burgessjp/GetWordTextView,755.5
yiyuanliu/FlipGank,755.5
a-voyager/WeekToDo,767.5
fashare2015/ActivityTracker,773.0
MatteoBattilana/WeatherView,789.5
asmcup/runtime,789.5
AndroidMsky/WXhongbao,797.5
liudongmiao/Brevent,801.5
samanyougarg/ABR-App-Backup-Restore,806.0
Tesco/mewbase,826.0
ChyengJason/ShoppingCart,829.0
TinkoffCreditSystems/decoro,840.5
niuxiaowei/SimpleJavaJsBridge,860.0
uptechteam/MotionViews-Android,865.5
jineshfrancs/ThemedGoogleMap,865.5
kevalpatel2106/Prevent-Screen-Off,870.5
uin3566/DragFooterView,870.5
jaychang0917/SocialLoginManager,874.5
zaaach/TopRightMenu,874.5
androidthings/new-project-template,882.0
mcxtzhang/PathAnimView,897.5
andyxialm/CutoLoadingView,905.5
ssseasonnn/PracticalRecyclerView,921.0
samanyougarg/Currency-Converter-Android,933.0
gnehsuy/TaoBaoUI,946.0
ImmortalZ/Learn_Depth,946.0
chenenyu/Router,959.0
tarek360/Animated-Icons,959.0
peng8350/LoadingProgress,959.0
BeppiMenozzi/TriStateToggleButton,966.5
TellH/RecyclerTreeView,966.5
ittianyu/BottomNavigationViewEx,966.5
Ishmeetsingh97/FontometricsLibrary,976.0
gsh199449/spider,976.0
HalfStackDeveloper/FloatBall,986.0
tensorflow/ecosystem,986.0
0ximDigital/RxAnimations,1006.5
limedroid/TagEditText,1022.0
kalessil/phpinspectionsea,1034.5
jiang111/ZhiHu-TopAnswer,1042.0
wuyinlei/MyHearts,1042.0
AndroidDeveloperLB/RootHelper,1058.5
spotbugs/spotbugs,1058.5
Kapeli/Dash-iOS,10.0
Jasonette/JASONETTE-iOS,17.0
bikkelbroeders/TouchBarDemoApp,57.0
iphone5solo/PYSearch,70.0
gyjzh/LLWeChat,151.5
cyanzhong/Retriever,171.0
ptmt/react-native-touchbar,179.0
QMUI/QMUI_iOS,181.0
googlecreativelab/Sprayscape,261.0
kangzubin/XMNetworking,274.5
liuzhiyi1992/ZYSideSlipFilter,313.0
castial/HYFileManager,363.0
yate1996/YYStock,373.5
zhengwenming/WMDragView,415.0
brentsimmons/Vesper,426.0
iphone5solo/PYTheme,464.5
youusername/magnetX,468.0
hamzasood/pam_touchid,498.5
ming1016/STMURLCache,517.0
EnjoySR/ESPictureBrowser,529.0
tingxins/TXScrollLabelView,548.5
southpeak/Minya,611.5
tiantianlan/LiveExplanation,662.5
jkpang/PPCounter,666.5
zekunyan/TTGPuzzleVerify,685.5
music4kid/EasyCode-Xcode,789.5
CoderVan/Yeshijia-APP,801.5
dhirajjadhao/Newly,821.5
netyouli/WHC_KeyboardManager,854.5
lyb5834/YBPopupMenu,874.5
emoRaivis/MacMorpheus,882.0
dani-gavrilov/GDPerformanceView,933.0
HelloYeah/DraggingSort,933.0
hackiftekhar/IQScreenRuler,952.5
JoySeeDog/JSDBanTangHomeDemo,952.5
Sinkup/CameraStickerDemo,999.5
StanlyHardy/FlareView,999.5
LinXunFeng/LXFFM,1029.0
steventroughtonsmith/TouchBarScreenshotter,1058.5
songrotek/Deep-Learning-Papers-Reading-Roadmap,4.0
alexjc/neural-enhance,7.0
rushter/MLAlgorithms,11.0
openai/universe,16.0
miloyip/game-programmer,25.0
pypa/pipfile,52.0
deepmind/learning-to-learn,67.0
buriburisuri/speech-to-text-wavenet,76.0
drathier/stack-overflow-import,78.0
kennethreitz/maya,91.5
CreatCodeBuild/TensorFlow-Chinese-Tutorial,100.0
golastmile/rasa_nlu,119.0
xdavidhu/mitmAP,142.0
anantdgoel/HackPrincetonF16,164.0
Kyubyong/numpy_exercises,168.0
ParhamP/altify,187.0
xianhu/LearnPython,202.5
ceteri/pytextrank,222.5
intelxed/xed,228.5
khamidou/lptrace,233.5
lakshaykalbhor/MusicRepair,254.0
ysrc/xunfeng,263.0
despoisj/DeepAudioClassification,281.0
xianhu/PSpider,283.0
joowani/kq,302.5
ParhamP/Speech-Hacker,323.0
pyupio/safety-db,342.0
NicolasHug/Surprise,346.0
openai/universe-starter-agent,348.0
googlecreativelab/aiexperiments-ai-duet,361.0
sslab-gatech/DrK,382.5
tkipf/gcn,384.5
kalliope-project/kalliope,386.0
SullyChen/Autopilot-TensorFlow,387.5
hanzhanggit/StackGAN,402.0
cameronfabbri/Colorful-Image-Colorization,449.0
Jolly23/wx_pay_python,450.5
anantzoid/Conditional-PixelCNN-decoder,456.5
clab/dynet_tutorial_examples,475.0
PyFilesystem/pyfilesystem2,479.0
torchhound/warren,486.0
jhao104/proxy_pool,490.0
maxhodak/keras-molecules,492.0
TheAbhiKumar/tensorflow-value-iteration-networks,496.0
manwhoami/MMeTokenDecrypt,503.0
kaonashi-tyc/Rewrite,507.0
Evolving-AI-Lab/ppgn,507.0
julian121266/RecurrentHighwayNetworks,539.0
stamparm/fetch-some-proxies,546.0
evilcos/crawlers,546.0
lightbulb-framework/lightbulb-framework,557.0
corna/me_cleaner,557.0
imatge-upc/detection-2016-nipsws,564.5
phith0n/mooder,568.5
hashedin/jinjasql,572.5
ardila/paintingReorganize,594.0
leegao/readme2tex,594.0
inejc/painters,594.0
nedwill/soundhax,602.5
yandex/pgmigrate,608.0
pcbje/gransk,617.0
aker-gateway/Aker,626.0
Kyubyong/wordvectors,631.5
JakeWharton/sdk-artifact-sync,636.5
Kyubyong/tensorflow-exercises,654.0
Tencent/GAutomator,658.0
llSourcell/tensorflow_chatbot,658.0
dagrz/aws_pwn,676.5
gutfeeling/word_forms,690.0
paarthneekhara/byteNet-tensorflow,695.5
initialstate/pi-process-dashboard,703.5
mwichary/twitter-export-image-fill,703.5
ethan-funny/React-News-Board,710.5
marcopaz/is-service-up,710.5
buriburisuri/ByteNet,728.0
bharadwaj-raju/cligenerator,739.5
ericmjonas/pywren,739.5
seiferteric/qrtun,744.5
mseclab/nathan,744.5
jimfleming/recurrent-entity-networks,749.0
sarahsharp/foss-heartbeat,767.5
weaveworks/grafanalib,785.5
tiann/super-adb,793.5
ajarai/fast-weights,797.5
jiamings/fast-weights,797.5
joxeankoret/cosa-nostra,801.5
ayushoriginal/Sentiment-Analysis-Twitter,810.0
CYHSM/chess-surprise-analysis,810.0
Zeta36/tensorflow-tex-wavenet,813.5
stedmeister/easyargs,829.0
hugorut/neural-cli,840.5
yanpanlau/DDPG-Keras-Torcs,848.0
GiacomoLaw/Keylogger,848.0
junrushao1994/fast-neural-style.tf,860.0
arpitbbhayani/flasksr,905.5
buriburisuri/ac-gan,905.5
robbiebarrat/rapping-neural-network,926.5
bokeh/colorcet,933.0
jxwufan/AssociativeRetrieval,939.5
Enny1991/PLSTM,959.0
JonathanSalwan/Tigress_protection,959.0
zhebrak/raftos,976.0
igogo-x86/HexRaysPyTools,986.0
Viralmaniar/Wifi-Dumper,986.0
yrq110/TinyGoogle,993.5
aziz/SublimeHyperClick,993.5
violentshell/rollmac,1006.5
alestic/aws-git-backed-static-website,1012.5
sihaelov/harser,1022.0
SonyCSL-Paris/DeepBach,1029.0
umputun/rt-bot,1034.5
clr2of8/DPAT,1034.5
xunhuang1995/SGAN,1042.0
scottlawsonbc/audio-reactive-led-strip,1042.0
yassineaddi/BackdoorMan,1042.0
LiuXingMing/Tmall1212,1050.5
yenchenlin/pix2pix-tensorflow,1050.5
theveloped/ThreadTone,1058.5
kickstarter/ios-oss,18.0
avatsaev/touchbar_nyancat,34.0
Cosmo/TinyConsole,58.0
krzysztofzablocki/Sourcery,72.0
SebastianBoldt/Jelly,88.0
marciok/Mu,94.0
orazz/CreditCardForm-iOS,113.0
onmyway133/Snowflake,139.0
dalu93/Each,146.0
edopelawi/CascadingTableDelegate,156.0
kf99916/TimelineTableViewCell,169.5
ennioma/arek,175.0
ijoshsmith/json2swift,182.0
plu/pxctest,191.5
markohlebar/Import,193.5
HamzaGhazouani/HGCircularSlider,209.0
sasojadrovski/SJFluidSegmentedControl,214.5
malcommac/SwiftRichString,218.0
candostdagdeviren/CDAlertView,230.5
Yalantis/ForceBlur,233.5
BohdanOrlov/BouncyPageViewController,243.0
wayfair/brickkit-ios,269.5
Onix-Systems/RainyRefreshControl,269.5
marmelroy/ObjectiveKit,295.5
Augustyniak/FileExplorer,297.5
Raizlabs/Eject,309.5
yannickl/Reactions,322.0
brianmichel/Juice,337.5
cookiecutter-swift/FrameworkTemplate,352.5
RxSwiftCommunity/RxKeyboard,357.0
insidegui/PlayAlways,375.0
shoheiyokoyama/Koyomi,378.5
azimin/AZTransitions,378.5
WhiskerzAB/PlaygroundTDD,390.0
hungtruong/TouchFart,402.0
erikolsson/Touch-Bar-Lemmings,415.0
mergesort/TableFlip,421.0
jinSasaki/Vulcan,468.0
brianmichel/ESCapey,514.0
AkdM/KnightTouchBar2000,531.5
TBXark/PinterestSegment,546.0
youngsoft/TangramKit,564.5
harlanhaskins/Probably,564.5
GraphQLSwift/GraphQL,572.5
eBardX/XestiMonitors,586.0
NghiaTranUIT/iOS-Awesome-Starter-Kit,586.0
nst/JSONTestSuite,586.0
sahandnayebaziz/Hypertext,594.0
OrRon/ConfettiView,599.5
jobandtalent/CardStackController,605.0
johnno1962/RefactoratorApp,608.0
gokulgovind/GLNotificationBar,614.0
baoyongzhang/ApkChannelBuilder,642.0
pascalbros/Me,646.5
rshevchuk/Wallet,650.0
qiuncheng/NoticeBar,662.5
rolandleth/LTHRadioButton,690.0
lorentey/SipHash,739.5
dduan/needless,739.5
ming1016/SMCheckProject,749.0
mattgallagher/CwlSignal,755.5
wess/overlook,834.0
qiuncheng/FontAwesomeKit.Swift,848.0
twostraws/SwiftGD,857.5
evermeer/AttributedTextView,882.0
nunogoncalves/iOS-MultiSelectionTable,897.5
cemolcay/ImageFreeCut,897.5
Fnoz/FNUrlRoute,905.5
Herb-Sun/OKKLineSwift,926.5
victorBaro/AlgoGraphics,926.5
VivaReal/Compose,939.5
vitormesquita/Malert,939.5
sergdort/XcodeEquatableGenerator,993.5
andrealufino/Luminous,1016.0
Netflix/chaosmonkey,49.0
google/gops,83.0
google/netstack,102.0
tidwall/summitdb,126.5
jaksi/sshesame,135.0
chain/chain,143.0
jpmorganchase/quorum,161.0
slackhq/go-audit,173.0
go-gitea/gitea,179.0
blox/blox,184.0
oklog/ulid,189.0
dop251/goja,204.0
samonzeweb/godb,249.0
eawsy/aws-lambda-go,264.5
mhausenblas/dnpipes,284.0
huacnlee/flora-kit,305.0
kelseyhightower/konfd,334.0
Qihoo360/poseidon,335.5
donutloop/mux,344.0
github/orchestrator,349.0
travisjeffery/jocko,357.0
caicloud/cyclone,378.5
json-iterator/go,404.0
goreleaser/releaser,421.0
asobti/kube-monkey,421.0
cstockton/go-conv,426.0
haya14busa/reviewdog,435.0
oelmekki/pgrebase,455.0
mikaa123/imapmq,460.5
johnathanhowell/masterkey,468.0
nuveo/prest,479.0
kelseyhightower/vault-controller,507.0
neelance/graphql-go,527.5
geohot/lolrecaptcha,539.0
wgliang/goappmonitor,544.0
mhausenblas/cinf,568.5
logrusorgru/aurora,572.5
DiSiqueira/Gorganizer,602.5
cloudinsight/cloudinsight-agent,620.5
dannyvankooten/ana,636.5
pureconfig/pureconfig,636.5
milochristiansen/lua,644.0
gudegg/yunSpider,666.5
emmanuel-keller/github-language-statistics,682.5
tidwall/sjson,682.5
Dataman-Cloud/swan,687.5
manifoldco/torus-cli,693.0
o3ma/o3,693.0
mtojek/greenwall,698.5
goburrow/cache,721.5
stickermule/rump,749.0
skelterjohn/pipeline,755.5
qieangel2013/livego,767.5
xsank/EasyProxy,767.5
vesche/lonely-shell,773.0
jochasinga/grx,781.0
gliderlabs/ssh,793.5
felixge/httpsnoop,817.0
atongen/gosaic,860.0
coreos/kube-aws,865.5
gen2brain/url2img,905.5
Luxurioust/aurora,926.5
schollz/find-lf,952.5
wendigo/go-bind-plugin,976.0
lacion/cookiecutter-golang,976.0
samsarahq/thunder,986.0
Xeoncross/secureserver,993.5
erikh/box,1006.5
hanbang-wang/Yun-Brute,1022.0
go-gem/gem,1029.0
franela/play-with-docker,1034.5
aporeto-inc/trireme,1042.0
the-control-group/voyager,41.0
renatomarinho/laravel-gitscrum,81.0
orangetw/My-CTF-Web-Challenges,176.0
WhiteHouse/fb_messenger_bot,226.0
cviebrock/sequel-pro-laravel-export,279.0
jcc/blog,312.0
codecasts/spa-starter-kit,352.5
ijry/lyadmin,376.0
Tencent/bk-cmdb,405.5
kaienkira/acme-client-quick,432.0
CityOfBoston/boston.gov,475.0
jitamin/jitamin,539.0
jwage/phpchunkit,586.0
opsxcq/exploit-CVE-2016-10033,608.0
maysrp/webdir,650.0
summerblue/news.laravel-china.org,721.5
spatie/schema-org,777.0
cytopia/devilbox,781.0
JamesTheHacker/Facebook-Live-Reactions,781.0
We5ter/Scanners-Box,797.5
spatie/laravel-tags,813.5
antonioribeiro/health,914.5
yuan1994/tpAdmin,914.5
spatie/laravel-translation-loader,1016.0
damiantw/laravel-scout-mysql-driver,1022.0
Tencent/mars,8.0
ryanjay0/miles-deep,47.0
udacity/self-driving-car,48.0
koth/kcws,82.0
Tencent/libco,93.0
Microsoft/HoloJS,118.0
facebookincubator/beringei,130.5
TorchCraft/TorchCraft,195.0
google/bloaty,197.0
cysmith/neural-style-tf,201.0
kw-udon/constexpr-8cc,228.5
begla/Intrinsic,264.5
BreakingMalwareResearch/atom-bombing,294.0
tensorflow/deepmath,299.0
JakobEngel/dso,335.5
vusec/drammer,351.0
modzero/fix-windows-privacy,378.5
grame-cncm/faust,387.5
DmitryUlyanov/Multicore-TSNE,392.5
espressif/arduino-esp32,409.5
ashtuchkin/vive-diy-position-sensor,413.0
WindyDarian/Vulkan-Forward-Plus-Renderer,517.0
tobefuturer/app2dylib,551.0
antire-book/dont_panic,626.0
nicehash/nheqminer,676.5
NytroRST/ShellcodeCompiler,717.5
SullyChen/Chai,734.5
Unity-Technologies/HLSLcc,777.0
alexhude/FRIEND,789.5
foonathan/type_safe,801.5
rescrv/Consus,821.5
fdiskyou/hunter,826.0
trailofbits/grr,848.0
prsyahmi/GpuRamDrive,857.5
dekimir/RamFuzz,890.5
Dor1s/libfuzzer-workshop,926.5
arkenthera/electron-vibrancy,952.5
IntelLabs/pWord2Vec,1006.5
Erkaman/auto_uv_map,1012.5
commaai/openpilot,12.0
jgamblin/Mirai-Source-Code,15.0
deepmind/lab,23.0
minoca/os,33.0
mattrajca/sudo-touchid,90.0
quiet/org.quietmodem.Quiet,188.0
timwr/CVE-2016-5195,198.0
veertuinc/vdhh,221.0
mempodippy/vlany,281.0
robinhouston/image-unshredding,326.0
RedBeardLab/rediSQL,415.0
adtac/fssb,447.0
xyzxqs/XLowPoly,521.5
0x27/linux.mirai,521.5
fail0verflow/hbc,521.5
1N3/PrivEsc,525.0
ronsoros/rvm,553.0
openai/openai-gemm,666.5
krakjoe/ui,682.5
mbevand/silentarmy,731.5
robertdavidgraham/telnetlogger,806.0
scumjr/dirtycow-vdso,806.0
benjamin-42/Trident,821.5
jedisct1/blacknurse,848.0
codr4life/libc4life,905.5
LineageOS/android_device_oneplus_bacon,914.5
mjosaarinen/dekryptize,921.0
graydon/rust-prehistory,933.0
James-Gallagher/Mirai,946.0
boywhp/fcn,966.5
SilverMoonSecurity/PassiveFuzzFrameworkOSX,976.0
emilk/wfc,1058.5
carloscuesta/gitmoji,69.0
Heydon/fukol-grids,79.0
mike-schultz/materialette,114.0
mifi/lossless-cut,163.0
webkul/csspin,169.5
dolce/iziToast,172.0
raphaelfabeni/css-loader,193.5
devfreebooks/devfreebooks.github.io,262.0
electerious/formbase,317.0
eliorshalev/sprite-spirit,507.0
murat-cileli/papernic,531.5
toddmotto/angular-pizza-creator,539.0
kennethreitz/saythanks.io,554.5
redound/graphql-ide,557.0
comdan66/livemaps,703.5
apex/apex-ui,717.5
tmoreton/useful.ly,777.0
alecrios/core,793.5
qieguo2016/iconoo,882.0
jonsuh/mcgriddle,959.0
mseclab/PyJFuzz,976.0
eliorshalev/zombie-mayhem,1006.5
elky/django-flat-responsive,1022.0
wesbos/JavaScript30,22.0
jgthms/css-reference,24.0
space10-community/conversational-form,42.0
dirtycow/dirtycow.github.io,45.0
BoxFactura/pulltorefresh.js,73.0
pawelgrzybek/siema,125.0
ElemeFE/restc,190.0
RobinLinus/socialmedia-leak,224.5
jaywcjlove/linux-command,274.5
neveragaindottech/neveragaindottech.github.io,333.0
callmelanmao/yunshare,444.5
rougier/from-python-to-numpy,473.0
josephernest/talktalktalk,500.5
layui/fly,507.0
samayshamdasani/enlight,543.0
codrops/TiltHoverEffects,561.5
TrumpTracker/trumptracker.github.io,586.0
AI-ON/ai-on.org,620.5
codrops/BlockRevealers,620.5
luyishisi/Anti-Anti-Spider,636.5
hbxeagle/rem,636.5
tiaanduplessis/tipograf,654.0
dhparkdh/resume-for-web-developer,728.0
notwaldorf/font-style-matcher,749.0
jamielhf/vue,773.0
ryanhoo/Android-Proficiency-Exercise,785.5
jacquerie/stop-the-bullshit,829.0
ivanceras/spongedown,854.5
surikov/webaudiofont,865.5
davestewart/javascript-state-machine,946.0
WardCunningham/remodeling,976.0
gundb/gun-starter-app,1058.5
octobox/octobox,84.0
rails/webpacker,167.0
adamcooke/procodile,291.0
KrauseFx/overkill,342.0
antisnatchor/phishlulz,442.5
aleks/ansible-rails,710.5
LendingHome/zero_downtime_migrations,721.5
iberianpig/fusuma,773.0
michaelfeathers/scythe,840.5
github/octocatalog-diff,897.5
michenriksen/birdwatcher,914.5
keepcosmos/terjira,921.0
chendo/airchat,926.5
cookpad/kuroko2,946.0
Mrs4s/BaiduPanDownload,37.0
Unity-Technologies/PostProcessing,144.5
keijiro/Skinner,370.5
JimBobSquarePants/ImageSharp,442.5
Tlaster/YourAV,458.5
aspnet/SignalR,494.0
EduardoPires/EquinoxProject,548.5
sabresaurus/SabreCSG,834.0
yuleyule66/Npoi.Core,874.5
Unity-Technologies/EditorVR,890.5
Screetsec/Dracnmap,266.5
pimterry/notes,304.0
gojuno/mainframer,342.0
plexinc/pms-docker,390.0
SafeBreach-Labs/pwndsh,464.5
MakeNowJust/bashcached,470.5
thomaspaulmann/Swish,687.5
sroberts/awesome-iocs,785.5
Cyclenerd/gallery_shell,826.0
IFSight/d4m-nfs,854.5
uptownhr/ipfs-screenshot,905.5
b3rito/yodo,952.5
hs-cx/snmp_mib_archive,1006.5
NicoHood/guestwlan,1006.5
akka/alpakka,666.5
Algomancer/Full-Stack-Scala-Starter,793.5
weavejester/integrant,734.5
mogenslund/liquid,1006.5
escherize/tracks,1042.0
michelson/dante2,840.5
nathancahill/Anycomplete,59.0
phillipi/pix2pix,62.0
jcjohnson/fast-neural-style,66.0
ChaosForge/doomrl,160.0
OpenNMT/OpenNMT,212.0
google/FluidNet,488.5
reedscot/nips2016,575.0
cvondrick/soundnet,710.5
r00t-3xp10it/morpheus,762.0
diacritic/wssdl,785.5
tensorflow/haskell,330.0
haskus/haskus-system,439.5
steveshogren/10-minute-vim-exercises,834.0
input-output-hk/pos-haskell-prototype,1042.0
extr0py/oni,140.0
liuchengxu/space-vim,330.0
lifepillar/vim-mucomplete,728.0
rhysd/8cc.vim,744.5
vim-chat/vim-chat,865.5
cassidoo/vim-up,882.0
yuttie/comfortable-motion.vim,890.5
rstudio/blogdown,865.5
yihui/xaringan,882.0
ZuzooVn/machine-learning-for-software-engineers,1.0
Developer-Y/cs-video-courses,3.0
255kb/stack-on-a-budget,9.0
engineerapart/TheRemoteFreelancer,13.0
noffle/art-of-readme,14.0
nothings/single_file_libs,28.0
AnthonyCalandra/modern-cpp-features,31.0
sqreen/awesome-nodejs-projects,32.0
rstacruz/webpack-tricks,35.0
VoLuong/Begin-Latex-in-minutes,40.0
keonkim/awesome-bits,46.0
SmartisanTech/android,65.0
BruceDone/awesome-crawler,68.0
McFrankline/Blockchain-stuff,96.0
sbrugman/deep-learning-papers,99.0
sangupta/ps,107.0
DynamicCocoa/DynamicCocoa,117.0
ruanyf/document-style-guide,120.0
soumith/ganhacks,128.0
facebookincubator/react-vr,151.5
AoDevBlue/MaterialValues,158.0
GeekLiB/Lee-VR-Source,165.0
xinghongfei/awesome-view,216.0
Nax/longflow-manifesto,219.5
allenwong/MakeIconsWithSketch,240.0
flyeralarm/onboarding,260.0
melnik909/frontend-whitelist,271.0
gdgbeijing/devfest2016,273.0
sfermigier/awesome-functional-python,287.0
google/bbr,288.0
jivoi/awesome-ml-for-cybersecurity,316.0
1ppm/1ppmLog,328.0
ggomaeng/better-developer-quotes,330.0
joggerplus/awesome-weex,339.5
adam-s/facebook-pixel-guide,354.0
jirengu/frontend-interview,381.0
QConChina/QConShanghai2016,382.5
LineageOS/android,384.5
awslabs/serverless-application-model,394.5
SKTBrain/awesome-starcraftAI,408.0
mikaelbr/open-source-ideas,411.5
Geekbang/ArchSummit,435.0
GeekLiB/AR-Source,454.0
github/game-off-2016,464.5
sindresorhus/promise-fun,482.5
mylxsw/growing-up,482.5
SwiftOldDriver/SwiftMarch,488.5
ExtremeMart/DeepLearningBook-CN,503.0
staltz/comver,534.5
daijifeng001/TA-FCN,539.0
Developer-Y/Scalable-Software-Architecture,561.5
zhengmin1989/GreatiOSJailbreakMaterial,568.5
Miej/GoDeeper,578.5
figs-lab/datalegreya,578.5
duffn/dumb-password-rules,578.5
ryanhoo/make-icons,586.0
Gorcenski/voting-machines,597.5
tee4it/itprints,599.5
xairy/linux-kernel-exploitation,602.5
prahladyeri/CuratedLists,614.0
ysrc/F-Scrack,620.5
yuguo/BAT-internal-referral,631.5
petergerner/alaptorveny,644.0
jeantil/admission_post_bac,650.0
tencentyun/wafer,650.0
Developer-Y/technical-interviews,654.0
jonschlinkert/maintainers-guide-to-staying-positive,662.5
weixin/WeIndex,672.5
sindresorhus/iterm2-snazzy,672.5
knowbody/react-native-online-meetups,679.5
mafintosh/awesome-p2p,685.5
roman01la/closure-compiler-handbook,698.5
JosPolfliet/awesome-datascience-ideas,734.5
bfirsh/funker,739.5
cncf/landscape,739.5
MasterStudio/MasterWechatApp,749.0
php-pds/skeleton,755.5
thepracticaldev/dev.to,755.5
jasnell/proposal-istypes,755.5
gutfeeling/beginner_nlp,762.0
jakearchibald/navigation-transitions,767.5
gradiuscypher/infosec_getting_started,781.0
liuchengxu/git-commit-emoji-cn,806.0
paf31/24-days-of-purescript-2016,810.0
jivoi/awesome-osint,813.5
adminho/learning-it,821.5
laravel/spark-tests,834.0
drakeet/Effective-MultiType,834.0
hindupuravinash/nips2016,840.5
ReactNativeNews/React-Native-Apps,848.0
caisah/emacs.dz,865.5
passy/awesome-recursion-schemes,882.0
arXivTimes/arXivTimes,882.0
DxF5H/lightbox,882.0
kendricktan/non-overwhelming-machine-learning,890.5
sjchoi86/dl_tutorials_10weeks,897.5
limedroid/HexoLearning,914.5
zoeminghong/go-library,921.0
etsy/DebriefingFacilitationGuide,939.5
vicky002/TheUltimateInternshipGuide,946.0
manasthakur/learn-vim,952.5
NaNoGenMo/2016,966.5
amitshekhariitbhu/awesome-android-things,966.5
alicegoldfuss/oncall-handbook,993.5
PyCN/pythoncn-projects,999.5
Miserlou/Mackenzie,1042.0
aviaryan/awesome-no-login-web-apps,1058.5
