id, name, type, location
devongovett, "Devon Govett", User, "San Francisco"
pubkey, "Daniel M", User, "Germany, Stuttgart"
MicheleBertoli, "Michele Bertoli", User, "London, UK"
mathisonian, "Matthew Conlen", User, "Seattle"
andywer, "Andy Wermke", User, "Leipzig, Germany"
chvin, "Chvin", User, "China,HangZhou"
ggomaeng, "Sung Woo Park", User, "Los Angeles, CA"
nikgraf, "Nik Graf", User, "Vienna / San Francisco"
mariusandra, "Marius Andra", User, "Leuven, Belgium"
hharnisc, "Harrison Harnisch", User, "Chicago"
pcbje, "Petter Christian Bjelland", User, "Oslo, Norway"
gajus, "Gajus Kuizinas", User, "London"
egoist, "EGOIST", User, "Chengdu, China"
ageitgey, "Adam Geitgey", User, "Various places"
qieguo2016, "茄果", User, ""
XhstormR, "XhstormR", User, "China"
imgntn, "James B. Pollack", User, "San Francisco, CA"
rusher81572, "Phillip Tribble", User, "East Bay, CA"
sindresorhus, "Sindre Sorhus", User, "° ☾ ☆ ¸. ¸　★  :.　 . • ○ ° ★"
sanchitgn, "Sanchit Nevgi", User, "Bangalore, India"
yanbober, "yanbo", User, "ZhuHai"
ipselon, "Alex Pustovalov", User, "Ukraine"
bgryszko, "Bart Gryszko", User, ""
elsehow, "nick merrill", User, "berkeley"
sonnylazuardi, "Sonny Lazuardi", User, "Bandung, Indonesia"
OYsun, "", User, ""
giuseppeg, "Giuseppe", User, ""
ruanyf, "Ruan YiFeng", User, "Shanghai, China"
grvcoelho, "Guilherme Rv Coelho", User, "Jundiai, Brazil"
noam3127, "", User, "New Jersey"
githubwing, "大精-wing", User, "guangzhou,China"
gjiazhe, "郭佳哲", User, "Guangzhou, China"
mancj, "Mansur", User, "Russia"
race604, "吴晶", User, "Beijing, China"
shaohui10086, "邵辉Vista", User, ""
SilenceDut, "", User, "GuangZhou,China"
Ajian-studio, "GAStudio", User, "Beijing,China"
gongwen, "龚文", User, "BeiJing"
hejunlin2013, "逆流的鱼yuiop", User, "Beijing, China"
Luolc, "LoLo", User, "Beijing, China"
hpdx, "android_ls", User, "上海市徐汇区"
zagum, "Zagumennyi Evgenii", User, ""
zhengken, "zhengken", User, "Beijing"
daniel-stoneuk, "Daniel Stone", User, "United Kingdom"
JakeWharton, "Jake Wharton", User, "Pittsburgh, PA, USA"
bingoogolapple, "王浩", User, "Chengdu, China"
mayubao, "", User, ""
czy1121, "ezy", User, "东莞"
Freshman111, "sgffsg", User, " Beijing"
codbking, "codbking", User, ""
yakivmospan, "Yakiv Mospan", User, "Lviv, Ukraine"
jparkie, "Jacob Park", User, ""
huage2580, "狸小华", User, "china 广州"
CGmaybe10, "", User, ""
lawloretienne, "Etienne Lawlor", User, "San Francisco"
Stuie, "Stuart Gilbert", User, "San Francisco, CA"
yanbober, "yanbo", User, "ZhuHai"
florent37, "Florent CHAMPIGNY", User, "France"
limedroid, "WangLei", User, "Shenzhen.China"
munix, "Juan Pablo Muñiz", User, "Madrid"
RameshBhupathi, "Ramesh Bhupathi", User, "Hyderabad,India"
mcxtzhang, "张旭童", User, "Shanghai,China"
lopei, "Alan Matviienko", User, ""
Sloy, "Rafa Vázquez", User, "Barcelona, Spain"
yiyuanliu, "Yiyuan Liu", User, "ChengDu,China"
a-voyager, "WuHaojie", User, "ChengDu, SiChuan, China"
fashare2015, "梁山boy", User, ""
AndroidMsky, "MutianLiang", User, ""
jineshfrancs, "Jinesh Francis", User, "Banglore"
zaaach, "Bro0cL", User, ""
chenenyu, "Half Stack", User, "Beijing.China"
Ishmeetsingh97, "Ishmeet Singh", User, "Chandigarh"
0ximDigital, "Mihael Francekovic", User, "Croatia"
jiang111, "NewTab", User, "Wuxi, China"
kangzubin, "Zubin", User, "Beijing, China"
zhengwenming, "文明", User, "北京"
brentsimmons, "", User, ""
iphone5solo, "CoderKo1o", User, ""
zekunyan, "zekunyan", User, "Hangzhou.China"
CoderVan, "Aim", User, ""
JoySeeDog, "", User, ""
Sinkup, "Hao Chen", User, "Nanjing, China"
miloyip, "Milo Yip", User, "Hong Kong, China"
kennethreitz, "Kenneth Reitz", User, "Winchester, VA"
hanzhanggit, "Han Zhang", User, "Piscataway, NJ, USA"
Jolly23, "Jolly", User, ""
TheAbhiKumar, "Abhishek Kumar", User, "UC San Diego"
leegao, "Lee Gao", User, "Menlo Park, CA"
nedwill, "Ned Williamson", User, "Pittsburgh, PA"
Kyubyong, "Kyubyong Park", User, "Seoul, Korea"
llSourcell, "Siraj", User, "San Francisco, CA"
mwichary, "Marcin Wichary", User, "San Francisco, CA"
ethan-funny, "Ethan", User, ""
ajarai, "Goku Mohandas", User, "Cupertino, CA"
Enny1991, "Enea Ceolini", User, ""
Viralmaniar, "Viral Maniar", User, "Australia"
xunhuang1995, "Xun Huang", User, "Ithaca"
LiuXingMing, "幸明老匹夫", User, "China.Guangzhou"
theveloped, "", User, ""
krzysztofzablocki, "Krzysztof Zabłocki", User, "Warsaw, Poland"
malcommac, "Daniele Margutti", User, "Rome, Italy"
brianmichel, "Brian Michel", User, "New York"
insidegui, "Guilherme Rambo", User, "Brazil"
erikolsson, "Erik Olsson", User, "Stockholm"
TBXark, "TBXark", User, "Beijing China"
NghiaTranUIT, "Nghia Tran", User, "Ho Chi Minh City, Viet Nam"
baoyongzhang, "Mr.Bao", User, "Beijing, China"
qiuncheng, "Qiun Cheng", User, "China"
mattgallagher, "Matt Gallagher", User, "Melbourne, Australia."
victorBaro, "Victor Baro", User, "Barcelona"
samonzeweb, "Samuel GAY", User, "Strasbourg - France"
mhausenblas, "Michael Hausenblas", User, "Galway, Ireland"
kelseyhightower, "Kelsey Hightower", User, "Portland, OR"
asobti, "Ayush Sobti", User, "Philadelphia, PA"
geohot, "George Hotz", User, "Glen Rock, NJ"
DiSiqueira, "Diego Siqueira", User, "Bauru, São Paulo - Brasil"
pureconfig, "", User, ""
mtojek, "Marcin Tojek", User, "Gdansk, Poland"
atongen, "Andrew Tongen", User, "Minneapolis, MN"
schollz, "Zack", User, ""
lacion, "Luis Morales", User, "Madrid"
Xeoncross, "David Pennington", User, "Dallas, Texas"
jcc, "Jiajian Chan", User, "Guangzhou"
opsxcq, "", User, ""
maysrp, "Xiaosea", User, "china"
summerblue, "CharlieJade", User, "ShenZhen China"
We5ter, "Wester", User, "Chengdu,China"
antire-book, "Programming Linux Anti-Reversing Techniques", User, ""
rescrv, "Robert Escriva", User, "Ithaca, NY"
Erkaman, "Eric Arnebäck", User, "Sweden, Gothenburg"
adtac, "Adhityaa Chandrasekar", User, ""
ronsoros, "", User, ""
benjamin-42, "Benjamin Randazzo", User, "Paris, France"
mjosaarinen, "Markku-Juhani O. Saarinen", User, ""
toddmotto, "Todd Motto", User, "England, UK"
wesbos, "Wes Bos", User, "Hamilton, Ontario"
dhparkdh, "dhpark", User, "Seoul"
KrauseFx, "Felix Krause", User, "San Francisco"
chendo, "Jack Chen", User, "Melbourne, Australia"
EduardoPires, "Eduardo Pires", User, "São Paulo"
yuleyule66, "Savorboard", User, "ChengDu, China"
hs-cx, "Heston S.", User, "Phoenix, AZ"
weavejester, "James Reeves", User, "London, UK"
r00t-3xp10it, "pedro ubuntu", User, "Lisbon - portugal"
rstacruz, "Rico Sta. Cruz", User, "Manila, Philippines"
keonkim, "Keon Kim", User, "NYC"
soumith, "Soumith Chintala", User, "New York, USA"
Nax, "", User, "France"
sfermigier, "Stefane Fermigier", User, "Paris, France"
jivoi, "EK_", User, "Somewhere Out in Space"
1ppm, "1PPM Club", User, "Global"
ggomaeng, "Sung Woo Park", User, "Los Angeles, CA"
jirengu, "饥人谷", User, "杭州"
duffn, "Nicholas Duffy", User, "Colorado, USA"
mafintosh, "Mathias Buus", User, "Copenhagen, Denmark"
gradiuscypher, "gradius", User, "Internet Spaceship"
paf31, "Phil Freeman", User, "Los Angeles, CA"
hindupuravinash, "Avinash Hindupur", User, ""
DxF5H, "Benjamin", User, "Kassel"
kendricktan, "Kendrick Tan", User, "Brisbane, Australia"
passy, "Pascal Hartig", User, "London, UK"
manasthakur, "Manas Thakur", User, "Chennai, India"
amitshekhariitbhu, "AMIT SHEKHAR", User, "New Delhi, India"
Miserlou, "Rich Jones", User, "/dev/null"
aviaryan, "Avi Aryan", User, "Gandhinagar, India"
material-components, "Material Components", Organization, ""
zeit, "ZEIT", Organization, ""
codrops, "Codrops", Organization, ""
Seedstars, "seedstars", Organization, ""
kickstarter, "Kickstarter", Organization, "Brooklyn, NY"
material-components, "Material Components", Organization, ""
Netflix, "Netflix, Inc.", Organization, "Los Gatos, California"
bufferapp, "Buffer", Organization, ""
json-iterator, "", Organization, ""
jrummyapps, "JRummy Apps Inc.", Organization, "Orange County, California"
thingsboard, "Thingsboard", Organization, ""
Jasonette, "", Organization, ""
Karumi, "Karumi", Organization, "Madrid, Spain"
google, "Google", Organization, ""
androidthings, "Android Things", Organization, ""
QMUI, "QMUI 团队", Organization, "Guangzhou, China"
openai, "", Organization, ""
deepmind, "", Organization, ""
intelxed, "", Organization, "Massachusetts"
ysrc, "YSRC", Organization, ""
Evolving-AI-Lab, "Evolving Artificial Intelligence Lab", Organization, "University of Wyoming"
Tencent, "Tencent", Organization, "Shenzhen, China"
initialstate, "Initial State", Organization, "Nashville, TN"
weaveworks, "Weaveworks", Organization, "London, Berlin and San Francisco"
kickstarter, "Kickstarter", Organization, "Brooklyn, NY"
jobandtalent, "jobandtalent", Organization, "Madrid, Spain"
oklog, "OK Log", Organization, ""
goreleaser, "GoReleaser", Organization, ""
o3ma, "open Threema ", Organization, ""
Tencent, "Tencent", Organization, "Shenzhen, China"
Tencent, "Tencent", Organization, "Shenzhen, China"
Microsoft, "Microsoft", Organization, "Redmond, WA"
TorchCraft, "", Organization, ""
LineageOS, "Lineage Android Distribution", Organization, ""
apex, "Apex", Organization, "Victoria BC"
neveragaindottech, "", Organization, ""
codrops, "Codrops", Organization, ""
octobox, "Octobox", Organization, ""
rails, "Ruby on Rails", Organization, ""
Unity-Technologies, "Unity Technologies", Organization, "Copenhagen, Denmark"
gojuno, "Juno Inc.", Organization, "Minsk, Belarus"
plexinc, "Plex", Organization, ""
haskus, "", Organization, ""
DynamicCocoa, "", Organization, ""
facebookincubator, "Facebook Incubator", Organization, "Menlo Park, California"
LineageOS, "Lineage Android Distribution", Organization, ""
Geekbang, "极客邦科技", Organization, "Beijing"
php-pds, "", Organization, ""
